Precision,Recall,F1
0.9791666666666667,0.975,0.9747474747474747
